ImageNumber,ObjectNumber,AreaShape_Area,AreaShape_Center_X,AreaShape_Center_Y,AreaShape_Compactness,AreaShape_Eccentricity,AreaShape_EulerNumber,AreaShape_Extent,AreaShape_FormFactor,AreaShape_MajorAxisLength,AreaShape_MaxFeretDiameter,AreaShape_MaximumRadius,AreaShape_MeanRadius,AreaShape_MedianRadius,AreaShape_MinFeretDiameter,AreaShape_MinorAxisLength,AreaShape_Orientation,AreaShape_Perimeter,AreaShape_Solidity,AreaShape_Zernike_0_0,AreaShape_Zernike_1_1,AreaShape_Zernike_2_0,AreaShape_Zernike_2_2,AreaShape_Zernike_3_1,AreaShape_Zernike_3_3,AreaShape_Zernike_4_0,AreaShape_Zernike_4_2,AreaShape_Zernike_4_4,AreaShape_Zernike_5_1,AreaShape_Zernike_5_3,AreaShape_Zernike_5_5,AreaShape_Zernike_6_0,AreaShape_Zernike_6_2,AreaShape_Zernike_6_4,AreaShape_Zernike_6_6,AreaShape_Zernike_7_1,AreaShape_Zernike_7_3,AreaShape_Zernike_7_5,AreaShape_Zernike_7_7,AreaShape_Zernike_8_0,AreaShape_Zernike_8_2,AreaShape_Zernike_8_4,AreaShape_Zernike_8_6,AreaShape_Zernike_8_8,AreaShape_Zernike_9_1,AreaShape_Zernike_9_3,AreaShape_Zernike_9_5,AreaShape_Zernike_9_7,AreaShape_Zernike_9_9,Location_Center_X,Location_Center_Y,Number_Object_Number,Parent_FilteredBV,Parent_Islets
35,84,81,83,180,1.72905500033642,0.940368173948418,1,0.482142857142857,0.564805050828865,17.9482651686708,16.4012194668567,3,1.63873989217049,1.4142135623731,5.6,6.10525211608316,39.1090531023056,42.452,0.952941176470588,0.383391833173042,0.00448012591292341,0.129134547875394,0.101239673195211,0.0126835275568365,0.0143219309835166,0.0426147913047888,0.0558060562263831,0.0440123677532866,0.0116548348958289,0.00319440461231009,0.0145829158771478,0.0079653009510658,0.027601686721892,0.0139327031032765,0.0236422431648708,0.00531776223829605,0.00775620142206837,0.00485200941328498,0.0117630327846543,0.0150186470344952,0.00626625977553781,0.00914109922136496,0.00367414500269169,0.0146955467684139,0.00455334856191769,0.00215235094705156,0.00658110985168628,0.00255850775191,0.00884566810875683,80.5925925925926,178.024691358025,84,94,0
35,122,244,26,257,5.33705337383806,0.957274218472102,2,0.276643990929705,0.183152010612165,55.2939040964,48.3735464897913,3.16227766016838,1.64235817437242,1.4142135623731,15.8302245712138,15.9899866235205,-2.14008114276411,129.388,0.428070175438597,0.132765149109137,0.033963191903419,0.0213146010717737,0.0329252334182792,0.0362662818480287,0.0109940368800834,0.013198852380949,0.0091497149393819,0.0218713313810799,0.0206776120626225,0.013818128584591,0.00870724504106837,0.0228508923497432,0.0176573744512828,0.00646221494473569,0.0146433892261131,0.00264978338963204,0.00283776815859794,0.013696971706878,0.00724989685273374,0.00889332918957691,0.017681917095089,0.00536202425684374,0.00294927196438585,0.0104895271464018,0.0117080037685149,0.00679667453667065,0.00928044975152515,0.00873437318970037,0.00607775510943963,22.0040983606557,262.143442622951,122,145,0
37,32,50,12,51,1.47378394565204,0.897633378874229,1,0.54945054945055,0.590344404903072,12.6181685133739,12.6491106406735,2.82842712474619,1.42787086646191,1.20710678118655,5.29513564873097,5.56136837266212,-21.9756399788696,32.624,0.840336134453782,0.397887357729738,0.0686860074057762,0.140852124636327,0.0742611745694418,0.0608103011153609,0.0170679879697647,0.0289264109069519,0.0244329081249494,0.0373776419441312,0.0224973575969813,0.01919009481772,0.00681074403083079,0.0174573078203922,0.017893371579472,0.00684402320115729,0.0265592673750646,0.00687628098665097,0.00775123905954959,0.0079402966133542,0.00451475890382289,0.0135851177908859,0.0196372796351983,0.0165580138938927,0.000720762734951291,0.0207975912174411,0.00960647006443513,0.00729474656430595,0.00749480287911797,0.00342459712810246,0.00348378881718708,13.84,50.08,32,32,0
37,76,32,91,139,1.11673801358075,0.76185033195146,1,0.666666666666667,0.778598992946303,8.09667098900761,7.28010988928052,2.23606797749979,1.37011771395659,1,4.47213595499958,5.24464368997253,-10.9007047431759,22.726,0.864864864864865,0.7687484043684,0.11805959771935,0.0725234343743774,0.121571429122995,0.00939799978194337,0.0324487610427066,0.0544609941150984,0.0723327742415474,0.0690926267756871,0.030073192602655,0.035265197036422,0.033125636715388,0.0797525413963873,0.0810407810628589,0.0546070901721627,0.0278519288811735,0.0334750037095654,0.00960216677719429,0.0102078151903193,0.0102314976086714,0.0756777412334695,0.0817886319235427,0.0424063006298079,0.0293411652471059,0.0202023890139783,0.0320362504667504,0.0241070717516232,0.0228333965666853,0.0465620929778879,0.0243434962209241,92.25,138.5,76,77,0
43,11,26,178,25,1.25620807745955,0.867634893939174,1,0.65,0.773375674163651,8.25969458063351,7.28010988928052,2,1.28789543747071,1,3.47850542618522,4.10673551875362,69.8990568979419,20.554,0.912280701754386,0.624608078549325,0.0515455558654472,0.126009467225481,0.147666354568623,0.0320721706407626,0.0255126833566036,0.0484572852789176,0.0137435408884623,0.0597444887970809,0.00141441370095609,0.00926062813135728,0.0189778405718717,0.0584683075924333,0.0391606061982134,0.0541094900669682,0.0299537517553247,0.018065631328786,0.0180247923651087,0.0195072965016921,0.015737726300272,0.0501685717690101,0.0621283035898733,0.0500514227845024,0.0658822299417083,0.0274341033503666,0.0118369086504066,0.0135039503614631,0.0122840014433007,0.0146079230514722,0.0153590161600447,177.807692307692,24.7307692307692,11,12,0
43,94,50,591,223,2.1413095526868,0.957278300281926,1,0.446428571428571,0.413774416802956,15.9351947595311,13.9283882771841,2.23606797749979,1.28529106237207,1,4.45668811624924,4.60795180343463,21.3201656702263,38.968,0.806451612903226,0.326794295841697,0.0521165255955427,0.0814913010867116,0.104702684208449,0.0124555076439517,0.0209907167410921,0.0686693547336641,0.0263532271195683,0.0539967072067319,0.012274489987258,0.0063671990453703,0.00567287152344002,0.0118090874020785,0.0342885195667923,0.0109924839902194,0.0263332966700012,0.00767262254104661,0.00449529570930779,0.0045880046154679,0.0107957982631339,0.0237371084852498,0.00917455632930159,0.0238408289533242,0.0024318451583456,0.010320825946358,0.0011208425592038,0.00846388213030214,0.00300204153933583,0.00379387624013361,0.016058554548479,587.44,221.08,94,108,0
46,94,13,165,423,1.11535833855259,0.830910305891879,1,0.866666666666667,0.876004223637432,5.40937419123968,4.47213595499958,2,1.14064824036509,1,2,3.00981033056662,-14.8724406484711,13.656,0.962962962962963,0.827605704077856,1.76697482303529e-17,0.0636619772367582,0.205303707699624,1.27418366538153e-17,3.1460092307577e-17,0.0942197263104018,0.140495507801729,0.123182224619774,1.13141593163109e-17,3.82255099614458e-17,2.70439522982978e-17,0.180800015352393,0.107917848999064,0.123182224619774,0.0701646259005263,1.41357985842823e-17,1.45708476663631e-17,6.17177772671174e-17,8.57668469972064e-17,0.0942197263104006,0.104338990593897,0.172429122413207,0.164511725709159,0.0837639127414464,3.9756933518294e-18,3.41373865347224e-17,6.40025502079069e-17,1.31518014506884e-16,5.66751536461163e-17,165,423,94,105,2
55,13,57,258,54,1.82321044552017,0.927480054093954,1,0.475,0.418274864264695,15.3138808358151,14.2126704035519,2.82842712474619,1.34949837487887,1,5.4,5.72544102226992,54.1881639373463,41.382,0.870229007633588,0.359280465593586,0.0597937944295136,0.10403344383264,0.0831184924738585,0.062901686607306,0.0167600396622183,0.0157100281494881,0.0267470509989824,0.0405757698987948,0.0290921966108062,0.0261956588598055,0.00391322939218682,0.00901158549979534,0.00519287466545447,0.00484621879386898,0.0267402008282993,0.00550304995332562,0.0115066678528591,0.00681012349307373,0.00130180510706794,0.0104967031017315,0.0132059343785804,0.0179102627937719,0.00641705844223936,0.0198135892013598,0.00379778118953299,0.00881865765063542,0.0051611680574868,0.00257768273126039,0.00132543614137098,258.087719298246,55.4736842105263,13,19,0
74,25,49,447,105,1.69692840525907,0.93344287635777,1,0.510416666666667,0.609061247122233,13.7766401210982,12.5299640861417,2.23606797749979,1.39433623492306,1,4.3412157106223,4.94204003141536,61.4118174275316,31.796,0.875,0.39738049485365,0.0783686628730096,0.0985057329632015,0.0905734010180153,0.0692031766010478,0.0374153538779866,0.00395636404557967,0.0249938012909086,0.0361954767946115,0.0296291085216266,0.0329921984802259,0.0161286725730284,0.0159731907565846,0.0057699607712464,0.00491965422688865,0.0213267731916939,0.0094507798677048,0.00467043137522946,0.00866751628831969,0.00669435009583443,0.0148016367617624,0.0149306154042834,0.0128648417090405,0.0106278655188927,0.016754725037017,0.00457883897646129,0.00333721503163326,0.0108289287814148,0.00147388180592777,0.00216986374112073,446.081632653061,102.326530612245,25,26,0
76,62,30,340,284,1.10421164009508,0.734449453296006,1,0.612244897959184,0.781178134955335,7.6898062082304,6.70820393249937,2.23606797749979,1.38313494621612,1.20710678118655,4.24264068711929,5.21878997026859,53.2229785428214,21.968,0.895522388059702,0.838474822142656,0.0667705220331013,0.0515355256536558,0.145230979049025,0.0369735160078547,0.0282802569447404,0.053171574087088,0.0498706602723879,0.0363172108617634,0.0354227775765615,0.0235356042588822,0.0420296885135362,0.0836493753382126,0.0335515436669807,0.0333830018691993,0.0543024262248282,0.0396982734284007,0.0216533507787022,0.0757254742629484,0.0331555175031372,0.0673698756504232,0.0498546009145636,0.0198633700890506,0.0543791021561522,0.0364438193807005,0.0240356332262939,0.0265578739657368,0.0709716482734696,0.0712835508013561,0.0326941899835932,339.1,283.866666666667,62,66,0
80,12,58,484,42,1.27633239608407,0.843267938397683,1,0.644444444444445,0.558035157221419,12.1766651252397,12.0415945787923,3,1.52798342398234,1.4142135623731,6.32455532033676,6.54487746762269,32.3507627118678,36.14,0.878787878787879,0.509295817894065,0.0473262721203528,0.169442294704827,0.0877103354574382,0.0328207577264287,0.0231561809204935,0.0268369598312656,0.0265232652328362,0.0406768106888611,0.00548111546762624,0.0218459883032592,0.00175131507570078,0.0147296656463443,0.0153281785100671,0.00378180331254356,0.0301430117565764,0.01314894561797,0.00294959586570142,0.00731918346359948,0.00692771726907074,0.00798610266244904,0.0253047998551507,0.0154792213970523,0.0116789893871324,0.0184598947419877,0.00652681310909592,0.00442829278291749,0.0100310538913853,0.0129835665927473,0.00263501168127903,482.810344827586,41.5344827586207,12,13,0
95,9,43,167,42,1.31263546545905,0.874401958911263,1,0.651515151515152,0.611512547536585,10.8733778651227,10.4403065089106,2.82842712474619,1.47276856327557,1,4.91934955049954,5.27578730269936,-70.1120626813032,29.726,0.934782608695652,0.502287159849651,0.0613327743103126,0.156140898634722,0.101035739760999,0.0320836783963057,0.0339298705610247,0.0484852525685637,0.0165651262412174,0.0416771010493062,0.015998933022404,0.0139919883912126,0.0195398725248022,0.0259437482517117,0.0280163563326535,0.0170375033057127,0.0306141801338086,0.0117546610572994,0.0139595074362354,0.00840057383371073,0.0115271195222271,0.0109384918759434,0.0305903348062892,0.0229632814058902,0.0134778287549214,0.0268990078832976,0.00933487835304115,0.00683739479312674,0.0114617005820175,0.00821099963534212,0.00834363875142092,167.883720930233,40.1627906976744,9,9,0
132,90,203,224,285,3.88273070230531,0.978329487402066,1,0.268518518518519,0.226710498903234,43.870593867973,37.6961536499415,3.16227766016838,1.63511411755784,1.4142135623731,9.84726522296382,9.08358778676925,-22.4344345071349,106.076,0.604166666666667,0.181891363533595,0.0256974061708986,0.0461722823888938,0.0554233904013086,0.0301405825157199,0.0149231524770061,0.0149353961278143,0.0205424412230884,0.02995626808253,0.0268790703980721,0.0148198884078995,0.0115675400571902,0.00908929655261007,0.00882915033600087,0.0177033857325354,0.017127160608129,0.022716557886399,0.0088657559000105,0.0127288105087521,0.00807876802667557,0.00638068339372648,0.00606557328121447,0.00276010661482195,0.0111619815577072,0.0108758133580269,0.0123431525302236,0.0120465400889508,0.00451046901405502,0.0106103128015682,0.00503322454185203,224.354679802956,286.596059113301,90,94,0
141,10,51,277,68,1.05645766026139,0.687073944031674,1,0.708333333333333,0.70222872347755,9.55974431399052,8.94427190999916,3.60555127546399,1.68956754839897,1.4142135623731,6.26099033699941,6.94599072356061,28.4149797524873,30.21,0.894736842105263,0.811690209768666,0.041502531512183,0.111408460164327,0.10770921746558,0.0151406465512801,0.0252901160879553,0.015278874536822,0.0434490079705398,0.0178082931467482,0.00666268291180805,0.0115818715362194,0.00935152109868226,0.0380380313989633,0.0106694665334849,0.0384164725503573,0.0180646294031584,0.0132535391941878,0.00807416345869593,0.00803465567855815,0.00464397873409084,0.033128101404577,0.0164616457352234,0.0392980647932357,0.0351809603032386,0.0225822436319788,0.00900362779105164,0.0170358018421134,0.00352828486787193,0.00616290162902908,0.0154079934240269,276.803921568627,68.1176470588235,10,10,0
141,23,39,161,127,1.58205053605142,0.890422929989631,1,0.557142857142857,0.497637655006925,11.4945164751651,10.295630140987,2.82842712474619,1.34303086157002,1,5.2,5.23154586491547,-65.8571641615075,31.382,0.829787234042553,0.468456058911994,0.0778271856942186,0.0954136433487902,0.123471554699784,0.0298305473125383,0.0269871104309071,0.035881140202559,0.0208652929730237,0.0472639573798496,0.00278685204355425,0.0233491425085368,0.0166294045470301,0.00968272726359831,0.0313536712569049,0.0332683679603851,0.0236478101676225,0.0047081705779561,0.0267509582580073,0.00784187990514197,0.0111160131522897,0.027803380345595,0.0124486045426127,0.0129948185034396,0.0333442803173503,0.0127369563924463,0.00360214016977273,0.0203750347811081,0.00601658032031895,0.000663300783094027,0.00884083609539516,160.153846153846,128.948717948718,23,24,1
142,23,52,70,83,1.12063126659543,0.566514715397722,1,0.577777777777778,0.646350711231758,9.48060491604584,9.21954445729289,3.16227766016838,1.4938122784257,1.4142135623731,7.48845264904059,7.81250786733524,-12.3834411564889,31.796,0.852459016393443,0.750350965607821,0.0237760970470427,0.123628397132398,0.0527643003227532,0.0266835654803596,0.0646812258687045,0.00422259308597297,0.00572035414838574,0.0684552368182345,0.0188631353224497,0.0345709097518242,0.0208278403753446,0.0463289026357122,0.0132030578012536,0.0384611421258595,0.00286568286399278,0.015685904450798,0.00821841166624998,0.0166815638373931,0.0370599063092225,0.0568357732942101,0.0108441870337079,0.0385814321378491,0.01402427827778,0.0336947558464118,0.0175094032475209,0.0258947675455005,0.0133051509694151,0.028534252367885,0.00341239438943713,70.3269230769231,82.4423076923077,23,25,0
142,35,77,6,117,1.23251632850015,0.764588508243862,2,0.55,0.410440833828289,13.1445563488301,13.6014705087354,3.60555127546399,1.71399777106365,1.4142135623731,8.22192191643779,8.47191296566015,6.30807209773798,48.554,0.736842105263158,0.529942945646527,0.0389227315269682,0.178086127118984,0.0742758389862777,0.0150747821119296,0.023746795206771,0.0457052099461246,0.0159878138870049,0.0419653758692177,0.02573393021857,0.039777266361918,0.00609003731920021,0.0520018481582399,0.0178245711657793,0.0224401455184631,0.0248161916068348,0.00960044514306171,0.00528498339636489,0.00624265145142595,0.00687192269091952,0.00147208983327862,0.0166505413435964,0.0125586047115593,0.0183141193932491,0.0137844911000754,0.0109407685686556,0.0101363541737123,0.00832994006742631,0.00647051970675277,0.00630941216361169,6.94805194805195,116.220779220779,35,39,0
142,91,5,71,294,1.5079644737231,0.918242484808121,1,0.625,0.598977246931577,4.17810484334151,3,1,1,1,1,1.65460727052714,-5.15242323438302,10.242,1.25,0.707355302630646,0.105446302728471,0.0785950336256273,0.274520650570198,0.0351487675761569,0.0585812792935948,0.330099141227635,0.244224534475381,0.27739471196703,0.0611848917066434,0.0715993413588381,0.0325451551631082,0.257131900133225,0.431298828620173,0.296529051418287,0.306154573179826,0.0157663196123502,0.0108483850543695,0.068706438677673,0.0180806417572825,0.246781936857422,0.119607991462014,0.316736022619481,0.223613024189822,0.271718454202552,0.0499025712500997,0.0518311730375435,0.0325451551631083,0.0542419252718469,0.0100448009762679,71.4,293.2,91,118,0
142,97,145,328,325,1.97523622384467,0.931169821641715,1,0.549242424242424,0.450127894805177,25.4234482053591,24.0416305603426,4,1.83277446759788,2,9.20634328910001,9.26902672794186,-11.8356188527733,63.624,0.792349726775956,0.319411304475084,0.0523537725781069,0.100728323317939,0.0744580105284382,0.0586622948692299,0.0129371744775048,0.011755943380944,0.0323720894457347,0.0386374796005332,0.0399347932206083,0.0152702441807109,0.00706440236698967,0.0177698862594973,0.00554976028755942,0.0207631732278779,0.0216602744327918,0.0146705944660454,0.0115173148283599,0.00679572719656879,0.00475094884743339,0.00908759134331127,0.00795285566585783,0.0110293047253564,0.00941555192850717,0.0127974312572575,0.000717635782576175,0.00349651802817156,0.00575881637503451,0.00423595601104647,0.00320711726736501,328.772413793103,323.331034482759,97,124,0
155,45,46,278,221,1.2502335521231,0.832058890638399,1,0.638888888888889,0.708979675511926,10.6690813477083,10,3,1.47640944909731,1.20710678118655,5.69209978830308,5.91800394286215,-55.7650701236479,28.554,0.851851851851852,0.585690190578175,0.104994022593128,0.119175221387211,0.101046138504231,0.0491269607619335,0.0399464576617904,0.0209829876972354,0.0319002085516763,0.0478596572033322,0.020092741809051,0.0199246938735351,0.0211964979119725,0.0195814056063913,0.0218989754004778,0.0230564097012695,0.0276273145345098,0.0203510209119596,0.00493920707762169,0.00581778358074911,0.00856777156885537,0.039902390227695,0.0220266127979733,0.0324622719131454,0.0262285318571979,0.0188497297344568,0.00635849440884924,0.0171444949141353,0.0158886994657125,0.0244418074979135,0.0117215616055471,278.130434782609,220.782608695652,45,48,1
159,67,33,13,342,1.06022304874466,0.697605951387878,1,0.6875,0.815223427463903,7.76139602887974,7.28010988928052,2.82842712474619,1.46971579079101,1.4142135623731,4.91934955049954,5.56089773450615,-18.9451183822302,22.554,0.916666666666667,0.792771792004913,0.128525441568593,0.0847617639250535,0.0893864660078456,0.0308358510981685,0.0610495781373491,0.0386649111800189,0.0624752501599108,0.041885392775865,0.0361406069715877,0.0420048481587547,0.0239432493697322,0.0790162374825161,0.0674093648797957,0.0368684988236889,0.0307533160244551,0.0427619775618804,0.0205959959789299,0.0221982538320459,0.0143272752420722,0.0662265636926602,0.0834699671353721,0.0549573975057552,0.0242703913040867,0.0375836110531036,0.0338570473893934,0.0178136760920457,0.0250340082574493,0.041802151546509,0.00836964201927035,13.2121212121212,341.484848484849,67,73,0
170,24,36,186,100,1.23883362570184,0.82406885377303,1,0.666666666666667,0.52040272227942,9.36180597990895,9.4339811320566,3,1.4367041486594,1,4.70678724331642,5.3033661985791,-67.2416126145255,29.484,0.888888888888889,0.515018242814223,0.0738554333987087,0.165243056683215,0.0959317642460072,0.0151571956506761,0.0214704529332878,0.0418074397335621,0.0177156048174455,0.0396595122027296,0.0211822594494442,0.0254044942323274,0.00425759150260254,0.0343078924006523,0.0215082208000966,0.0186112101716795,0.028828848977703,0.00882151540785988,0.0327678641227878,0.0078462217873217,0.000491573167951962,0.0183893498079717,0.0385595796728509,0.0342410893676398,0.0273899857226561,0.0283684895712981,0.0132907292598603,0.00234174401527659,0.0140597652896376,0.00472206383285538,0.00061921446387763,186.277777777778,99.6388888888889,24,26,0
170,90,69,132,343,1.15622743422439,0.666824817000873,1,0.522727272727273,0.60472802221095,11.5068745004231,11.4017542509914,3.60555127546399,1.69209242914203,1.4142135623731,7.69015354453093,8.57508982329592,-66.828597270231,37.866,0.802325581395349,0.675796373744048,0.126346583520733,0.100503050454243,0.061683780282914,0.0235210610490096,0.0239225148886907,0.0217464909770788,0.0158117766924168,0.0569395208295639,0.0169569417494834,0.0243165750468332,0.0314616300587959,0.0133526767759273,0.0271448694099912,0.027094820576605,0.0328446012087113,0.0143361899883738,0.00247993746407968,0.0174640571743355,0.0119261252416421,0.0228716650252526,0.0211782070610056,0.0243643908110626,0.00957499874292407,0.0280773984312906,0.0045613610144703,0.00519130761884186,0.0106120822249453,0.00463065018349975,0.0160542859865245,131.753623188406,343.739130434783,90,93,0
187,49,44,309,172,1.0889212139591,0.653524109383639,1,0.6875,0.689797222374567,8.89139107906827,8.60232526704263,3,1.54888415081764,1.4142135623731,5.82435206036491,6.72994458727704,29.8778822305281,28.312,0.888888888888889,0.754450794541107,0.101432602962183,0.107366855849426,0.0717424766889374,0.0080495811332176,0.0369384677124063,0.00207099250139324,0.00962296607917216,0.0397051467767634,0.0194291991674983,0.0142499667068806,0.043603704429206,0.0309572600461048,0.0280236042632807,0.0310243751098618,0.0604946598352625,0.0174898910416522,0.0168082731071687,0.0157257845261065,0.0128761714069758,0.048436588566991,0.0389786121549453,0.00680273249547779,0.0471816782555839,0.0175948822132428,0.0216760107778974,0.0243283145209903,0.0179765427174521,0.0125106764064276,0.0263130198792544,310.022727272727,172.181818181818,49,52,0
187,93,57,319,330,1.59263732802873,0.925003983272818,1,0.678571428571429,0.524122505778459,14.2918464620578,13.0384048104053,2.82842712474619,1.47633162519256,1.4142135623731,4.83735464897913,5.43029291911495,85.3240375876339,36.968,0.857142857142857,0.426909729705319,0.00848134995611271,0.13631152773047,0.109324096476606,0.0148020652801276,0.0214353453934347,0.0499665534669486,0.046121906097754,0.0469651294208892,0.0176783800937249,0.00887102688423904,0.0204409255507354,0.0044148808696432,0.0280471912040213,0.00399279351360745,0.0243427643801514,0.00771120804914093,0.00750835728636419,0.00521040537451924,0.0152639667495717,0.0176635989728536,0.0205670709952733,0.0144760523521929,0.0134645952237297,0.0159965641347294,0.00883866203489011,0.010898387854593,0.0100045449988401,0.00167254233887746,0.00970902484726489,318.561403508772,326.614035087719,93,98,4
236,51,7,837,102,0.952552874557838,0.372367904134325,1,0.777777777777778,0.774674892203879,3.11115649461363,2.23606797749979,1.4142135623731,1.0591733660533,1,2,2.88741830677282,90,10.656,0.933333333333333,1.42602829010338,0.0407436654315251,0.513370184437218,0.0733385977767455,0.00162974661726091,0.389509441525381,0.56552207618957,0.0205348073774885,0.00814873308630498,0.0218386046712975,0.767610656729935,0.364998052401775,0.397592984746996,0.349091725417308,0.312924388487051,0.506799046076421,0.26656135671921,0.620563182745003,0.10813955514309,0.305195478129353,0.686138971434411,0.1058719908897,0.107153884388971,0.491078379826592,0.346025194182269,0.135254366702973,0.541486729533881,0.0852569739026926,0.0287309986852885,0.451893951654679,836.714285714286,102,51,60,0
236,206,149,798,437,3.11269012539885,0.979815687723967,1,0.436950146627566,0.30770894064654,33.7247132110082,30.8058436014987,3.16227766016838,1.65684295822319,1.4142135623731,7.26367507600361,6.74167207728662,-12.3565476579991,78.006,0.752525252525253,0.199908000174435,0.0222234821914358,0.0705738110813052,0.0580821965180625,0.0184274826786521,0.0135056207655888,0.0306429096971777,0.0350142012180582,0.0310036121715355,0.0217753332205428,0.0115294462288822,0.00813536055554097,0.0129294477003852,0.0195801117517059,0.0202221394759178,0.0196571873194699,0.018864740750587,0.00955886792619965,0.00722920282605019,0.005584561214401,0.00548932755509643,0.0083700969883155,0.0136558727419336,0.0115941957386262,0.0135650956019227,0.0117525241395073,0.00801978453681039,0.00592449330512335,0.00488428789590028,0.0041980162534957,804.469798657718,435.731543624161,206,232,0
237,307,65,345,840,1.20527337999898,0.793494030199314,1,0.677083333333333,0.628929344962619,12.1469778088429,11.1803398874989,3.60555127546399,1.66675368678093,1.4142135623731,7,7.39238387964313,-17.8885988337272,36.038,0.896551724137931,0.621502621125361,0.101346927603718,0.125469507679879,0.100118620062067,0.0322512958176043,0.0451973409448388,0.00829460534966438,0.0293267057000925,0.0252099447942929,0.0156278329789132,0.0109032760933464,0.0216235830584267,0.00999081593534529,0.0117808189345244,0.0209487034784113,0.0171496085410935,0.017490962276893,0.0132546438326335,0.0173153806986463,0.0216677221087935,0.00836299040928665,0.0100662855995977,0.0175128369817262,0.00926445713732175,0.00576701362408492,0.0140669607726591,0.00184595911410978,0.0124813088763355,0.00949990456102373,0.0173547060015154,343.6,841.046153846154,307,346,0
237,318,58,192,874,1.81254400044386,0.947281032275804,1,0.591836734693878,0.533317637458783,15.6561431205464,14.3178210632764,2.82842712474619,1.42242450165695,1,4.77247007201044,5.01628899118766,17.9512996939643,36.968,0.852941176470588,0.360233627290924,0.0209660079563615,0.122582443735835,0.0950305647229319,0.0279275852105352,0.0100518745801156,0.0479283861671797,0.0461100318345077,0.0471595226236463,0.0206587188534577,0.0108417428134187,0.00605332775321061,0.0035143662727019,0.0269996213320559,0.0148647393403748,0.0299809761192862,0.00903425680982068,0.00783236167258575,0.00499345033779097,0.00407149922712233,0.0142280383457388,0.00926296200611796,0.01122649702617,0.00449591356944316,0.0213627415930631,0.00153094831758582,0.00536692993474987,0.00109933063904821,0.00330082937147485,0.00297706230859845,193.672413793103,874.620689655172,318,357,0
249,24,173,419,108,2.74587535750118,0.967037697303198,1,0.278582930756844,0.266919802428174,33.7324029428681,32.8024389337135,4.24264068711929,1.73188523237772,1.4142135623731,9.30857048832325,8.58939139092116,-45.0539161421965,90.248,0.774049217002237,0.204712305984371,0.0261339571719731,0.0829679352594972,0.0489938787435784,0.0364878120417543,0.0114619379096811,0.0225246195774231,0.039793776337103,0.0222605683375674,0.0216947165982702,0.0187256330213497,0.00711128233614487,0.00331934891951522,0.0221072936436519,0.0161307619918734,0.0141340950354254,0.0134135635458182,0.0185018619802051,0.00875027491312301,0.0052726641743144,0.00951640034402122,0.00593393011136759,0.00994465363978802,0.00869770711271507,0.0103311001333925,0.00685497313352438,0.0147931705287744,0.00828418202766671,0.00507342736688659,0.00398337297295673,415.017341040462,110.560693641618,24,26,0
249,73,31,400,328,1.06044965675872,0.542974795026923,1,0.738095238095238,0.616369316782477,7.09163461900082,6.70820393249937,2.82842712474619,1.41036610812059,1,5,5.9551930330741,-37.5091837138045,25.14,0.873239436619718,0.877120575262001,0.0750967217887551,0.0484145407133865,0.0651275459134506,0.0399853961884951,0.0539185709791551,0.0427976156436081,0.0593283621609316,0.0882592711582239,0.0253531878661027,0.0205395047611272,0.0309203082319374,0.0975447813872947,0.0901636788517597,0.0600923519562176,0.0395101676528894,0.0313433641442353,0.0271208774673424,0.0154788126212178,0.0107901504297146,0.107357098570796,0.07047566785296,0.0337275333829663,0.064105550128668,0.0460433840744738,0.0311048280361242,0.035457170890467,0.0341596677244177,0.0231148351817807,0.0180746469070662,400.322580645161,327.774193548387,73,80,0
256,37,9,288,242,1.99958709364289,0.908910888571809,1,0.36,0.324949076691997,6.34699659395079,5,1.4142135623731,1.04602372915257,1,2.12132034355964,2.64663667091121,40.8371748347866,18.656,0.72,0.449198911382562,0.140561258345159,0.0422446620660205,0.187017272659015,0.0101682403312128,0.0310956934482198,0.162953553247907,0.0681290506211229,0.0732753288585152,0.0449702324065001,0.0128232016951318,0.0569582933290254,0.153140170828198,0.177570788319719,0.0862237579033717,0.0342510783066605,0.0399596910609218,0.0193326066273839,0.025148666762523,0.0874713643215817,0.132718282798819,0.118619603867447,0.115781779736047,0.037884886940383,0.0126630674223016,0.0537419571194117,0.0701405728395049,0.031625992741585,0.104839948006136,0.115485906386037,288.555555555556,242.777777777778,37,39,0
265,50,139,348,302,2.43872709913025,0.967539699762812,1,0.695,0.397612166421291,28.5255194736297,24.738633753706,3.60555127546399,1.73635936808651,1.4142135623731,7,7.20894281140634,89.0059751305712,66.28,0.798850574712644,0.289183491369588,0.00813618677601385,0.0847820129162261,0.0900782732028194,0.00557830609133733,0.00369538896046283,0.0309690241560401,0.0546992204160351,0.0429424253096582,0.0051970601537628,0.00377102204601112,0.00156060559314805,0.0174873778748656,0.0272985631868895,0.0282023850125847,0.0241566055783224,0.0043023451775825,0.00407977212382944,0.00303093964049439,0.00111675260732062,0.0192358775577104,0.0102535465283878,0.015075219117014,0.0127977934350037,0.0157267852385881,0.00298272436598183,0.0022041218793565,0.0021767435948876,0.00312740219866884,0.00124330905329019,348.172661870504,294.302158273381,50,53,0
326,57,18,365,148,1.47598831804459,0.910495302757863,1,0.5,0.526564263641251,7.69650417708398,6.40312423743285,2,1.14760301386069,1,2.77350098112615,3.18265387762248,-47.5708011386924,20.726,0.857142857142857,0.490814530034735,0.0745494520955704,0.162193617747944,0.106264694790152,0.0214805202496851,0.0325236646999259,0.0444176953041661,0.0318813785116761,0.049557269653413,0.0222794177515756,0.0511212077269811,0.0253955747910506,0.0234649404532305,0.0135039320361926,0.00846138603394354,0.0317495728283847,0.0171328467563733,0.00186427300536041,0.0402478348801001,0.0229622825659186,0.0256042157606153,0.0526625261686902,0.0370033781571869,0.031808359667676,0.0279221261905666,0.028782902332061,0.0419090484468713,0.0368898771758152,0.0478333938897094,0.0229626545828083,365.277777777778,147.833333333333,57,64,1
326,91,46,452,238,1.10699376215195,0.658816583291888,1,0.575,0.717598800799007,9.18332766295107,9.48683298050514,3.16227766016838,1.56422101349852,1.4142135623731,6.36396103067893,6.90865047916863,-25.8403954464806,28.382,0.85981308411215,0.650766878420194,0.103530872399379,0.149016183754189,0.0802451829278334,0.0076207197171044,0.0200158095563283,0.0206652541746315,0.0177685625416133,0.0412557249271312,0.0229788890330278,0.0250822987872542,0.0088636603359493,0.0446978689010457,0.0108893517436179,0.0140927824437885,0.0381026641417531,0.00331835071599737,0.00591004067972668,0.0225869794878034,0.00685473973742222,0.0191679594873981,0.0292031768451755,0.0438400945342819,0.0265675737098005,0.021470602492157,0.00248029083199007,0.0178065909458085,0.00315786620169514,0.00934802249299659,0.0177752232568508,452.934782608696,238,91,107,0
354,31,51,164,118,3.83392198425741,0.988348364897023,1,0.425,0.28462365847848,22.1115842623104,19.2353840616713,2,1.1285558663942,1,3.12358075880179,3.36557703899345,8.86771356230951,47.452,0.739130434782609,0.175500585895928,0.00161999792669787,0.0573841343390501,0.0564787895983896,0.00375690868956525,0.00122715888823059,0.0299589974507274,0.0335601926665566,0.0318067125596293,0.00475018180778679,0.00252082806782936,0.00170509450749861,0.0193475376742234,0.0215853024730941,0.0213675327416111,0.0210825442322197,0.00550689948517882,0.00102420781402194,0.0012523073500632,0.00176202220501578,0.0185344497752243,0.0100475192542391,0.0180127712908161,0.0130092324323725,0.0152948977730976,0.00691641598449892,0.00386135234788997,0.00246598016542018,0.000331782154461901,0.00159005433115272,164.490196078431,117.588235294118,31,34,1
354,65,28,304,205,1.01752568180683,0.578028718465658,1,0.777777777777778,0.943438054283961,6.68638032632053,5.8309518948453,2.82842712474619,1.4061296747004,1,4.91934955049954,5.45619614860291,-41.9478679293557,19.312,0.903225806451613,1.04855021331131,0.0691704717596206,0.0793021169731241,0.110493720853766,0.0466313838241261,0.0547407954242744,0.118694018214676,0.101061025189893,0.0352339500584515,0.0275495459137399,0.0353728558901324,0.0395323869546978,0.136926492628335,0.0985220665013701,0.100523317260258,0.0437701330597591,0.0228701873714818,0.0322047670239106,0.0411021240398583,0.0284110647673762,0.129967806741555,0.0986220608026437,0.185070125688909,0.0403666278574588,0.077990477564191,0.0312662832085351,0.0335119379178868,0.042188716887954,0.0507456858707323,0.0262734203959559,304.571428571429,204.678571428571,65,78,0
354,87,117,19,304,1.65584284145107,0.88330344085531,2,0.458823529411765,0.412604882919446,20.1750291007614,20.6155281280883,5,1.92076098278315,1.4142135623731,9.29981109950554,9.45808788512242,-34.1547049188153,59.694,0.75974025974026,0.350515357021209,0.0653956541113743,0.122675088149625,0.0706690619871362,0.0596961597973566,0.00823276707636151,0.0392364732388005,0.0302064670199552,0.0319919427147563,0.0157189333863635,0.0147874249551084,0.00577043769104048,0.0205113220967074,0.00411515090282816,0.00427737404696557,0.0235222129560647,0.0183353088214515,0.00976245287595333,0.00918282977658026,0.00492035289884538,0.0198683029216968,0.0155868504372418,0.00934848862021676,0.0062871341234146,0.0168934258545792,0.00496191876066427,0.0076223645980894,0.00807484317977757,0.00473653705916847,0.00431772028621332,21.0769230769231,303.48717948718,87,110,0
370,86,31,265,462,1.06846419274854,0.63128228336207,1,0.738095238095238,0.716823919922027,7.34438187971615,7.21110255092798,2.82842712474619,1.38572313965284,1,4.91934955049954,5.69595845539556,50.6373908467264,23.312,0.885714285714286,0.759046651669039,0.153963104057721,0.0809900893840414,0.0465949804407374,0.0185281503871708,0.0183505601828719,0.0323091054251185,0.00556625693374037,0.0695442627984613,0.0214009801270773,0.029552432567692,0.0187667973952287,0.0460619291900708,0.0234193122785194,0.056866588768214,0.0252105047449994,0.00753255270469339,0.0450468696557681,0.0372201890596515,0.023118280862846,0.052424817731617,0.0319294925384839,0.0977674105187909,0.0310404680834663,0.0744425515749552,0.0149696391075645,0.042301011355349,0.0142175661410983,0.0287802727243827,0.0290995584779018,264.548387096774,461.516129032258,86,96,0
382,66,46,179,310,1.54646040934599,0.914186751411635,1,0.522727272727273,0.513427463171561,12.5570199848838,12.2065556157337,2.82842712474619,1.36631172948327,1,4.91934955049954,5.08927489853549,-55.8439039730212,33.554,0.884615384615385,0.393080664817567,0.0364027388125753,0.147390911669266,0.0852192111456136,0.0384718813043347,0.00518863541318002,0.0581411400811878,0.0265993000014634,0.0480153030509796,0.0194953006414422,0.0090559910033277,0.00218925922036498,0.00615098267710116,0.0154794200446003,0.00849262712162753,0.0331847405569752,0.00839069634658847,0.00860880011865574,0.00551050006909996,0.00138901571122629,0.0096383037890839,0.0200650017663424,0.0166112992916691,0.00283009043492187,0.0255328875729955,0.0156176979817598,0.00590218626077766,0.00650080923627288,0.00411497363281139,0.000864161142072443,178.934782608696,310,66,70,1
382,70,177,55,323,4.68616189136806,0.973701832954083,2,0.210714285714286,0.194368847551402,44.8090332791008,37.0135110466435,3.16227766016838,1.54586679131598,1.4142135623731,12.628576161833,10.2086681484396,-41.1307907594009,106.974,0.534743202416918,0.164498831692061,0.0203144310031587,0.032674546279351,0.0565142696230529,0.0229527317723649,0.00590255440514081,0.00188775448624666,0.0251118305154334,0.0335439872559043,0.0181897602496113,0.00988980664312027,0.003923803856398,0.0149468127315956,0.0145655320132827,0.0167797253135472,0.0227885297335883,0.00958834452734842,0.0142973333692657,0.00494042114713538,0.00263638377547382,0.0110185291240072,0.00673169972303687,0.0108701623634848,0.0120888238705571,0.0162227618433036,0.00238510020016986,0.0145226764786051,0.00522138753405464,0.00336526267623477,0.00192019516881447,45.728813559322,333.005649717514,70,74,0
392,25,127,19,141,5.28754492368094,0.965044189567925,1,0.206168831168831,0.19851656002589,40.0133458236692,33.0151480384384,2.82842712474619,1.3669305043234,1,10.2619536301667,10.486986668592,-57.8191808343501,89.662,0.472118959107807,0.148349928606758,0.0306194893816114,0.0193434675384814,0.0480306998140982,0.0329410802139558,0.0124671617386743,0.00895057327589086,0.00804322253725135,0.0288219714160847,0.0203453545799721,0.0189370767240604,0.0051840565219336,0.0115392766091033,0.01409344474065,0.00975285741403725,0.0192044085510486,0.00573674628496329,0.0126535157356472,0.0104990632402143,0.0024469594017703,0.0101928161043334,0.0153810555180257,0.0101628936909464,0.00725141174423529,0.0135784484380761,0.00339131339216088,0.00387355823442149,0.00884537878256976,0.0058004983506931,0.00135158863581014,24.0944881889764,129.393700787402,25,26,0
403,106,56,565,316,1.21695212872635,0.807986691673885,1,0.583333333333333,0.497127696350291,11.4335462466952,11.4017542509914,3.16227766016838,1.56771230287078,1.4142135623731,6.27571632442189,6.73665385175668,87.9282357674489,37.624,0.823529411764706,0.548472419270532,0.0100176197890708,0.182020517164506,0.0894481493405753,0.0144555928365612,0.0149863359341364,0.0224952508732089,0.0418622779601806,0.0374666154333164,0.00868952092785494,0.0144058123580895,0.0104370575832106,0.0342471613744136,0.00622360114325899,0.0151541574754652,0.0280954539654062,0.00453391888739759,0.00304099675018648,0.0103469392838458,0.00673079410472939,0.0153020641878449,0.0338402848548016,0.0182149297863102,0.016326120839955,0.0248135872871881,0.00425507665454388,0.00589627129445533,0.00506946421208308,0.00359148953810924,0.00622621145407699,565.589285714286,317.553571428571,106,125,0
406,279,33,74,900,1.22492128619807,0.731513878938849,1,0.6875,0.565909901082641,8.47069159108519,8.06225774829855,2.23606797749979,1.29978552203007,1,5,5.7755424276077,-17.8202436313367,27.07,0.825,0.646413922711698,0.0923578910015952,0.108187691493473,0.0821692434301036,0.028361043201778,0.0504973136159109,0.0307524730094795,0.0063660503980796,0.0895347314830082,0.00689933167632912,0.00876503407424688,0.0229673224153021,0.0340420949584697,0.0311907777635513,0.0182983791233935,0.039310427790839,0.0190531108967156,0.017405836532201,0.0118156813614662,0.00625512723294972,0.0372229919282387,0.0331930445990275,0.0379755250258371,0.0371602441731654,0.0340723531825793,0.00661702344455045,0.00371466502294451,0.00825573689501458,0.0221624232307787,0.0137614676776806,73.7575757575758,899.515151515152,279,312,0
417,127,37,199,394,1.1409539110307,0.778416263637802,1,0.660714285714286,0.735666603901666,8.87031822366948,8.48528137423857,2.82842712474619,1.46022932813794,1,4.91934955049954,5.56832854436508,-35.733263985174,25.14,0.891566265060241,0.654303654933348,0.0689948462295665,0.151295439729333,0.100689103400241,0.0334606298513446,0.0132619011472074,0.00916942058965662,0.0180691569021665,0.0369922792143202,0.029554334069537,0.0168429038934222,0.0141540092104325,0.0490733805631615,0.0231463402381642,0.0336111261838404,0.0279693538366958,0.0226891358519013,0.0145660236890242,0.0193344471018665,0.0165108913307074,0.0511723477248889,0.036619091459668,0.0192605714649631,0.0223285218684243,0.0335194447205438,0.0144498330916075,0.00912923654008272,0.00621478763979989,0.00806605912342372,0.019160577916645,199.810810810811,393.594594594595,127,144,0
419,58,13,326,288,1.71021611911397,0.93904332814954,1,0.619047619047619,0.441217567237522,7.21170022383372,6.08276253029822,1.4142135623731,1.03186258172101,1,2,2.47937401901352,86.6310557026246,19.242,0.838709677419355,0.447354434636679,0.0735446160208307,0.0809144195704596,0.14434975673129,0.0166660356471321,0.0399254877941316,0.139080299311386,0.039915263159604,0.0949333766310732,0.0253128805813081,0.0325303932594473,0.0374775338794146,0.0977042482503781,0.122567107881495,0.0656481384386919,0.0671257223374717,0.0564318505221483,0.0317817332713772,0.0270593022283569,0.0370870733665649,0.1255704085334,0.105340650613938,0.0937549777530846,0.051658908166227,0.0416498405326129,0.0346327010923948,0.0451972064569033,0.0394496134462365,0.0234901049527018,0.03535510735647,326.307692307692,287.461538461539,58,62,0
444,89,20,36,376,1.09170344712245,0.778454662977125,1,0.833333333333333,0.862527235581471,6.41054207939308,5.3851648071345,2,1.26213203435596,1,3,4.02390261312436,78.8048593574172,17.07,0.909090909090909,0.878096237748388,0.115299684686284,0.00605583612240265,0.1709634506545,0.0329492296257017,0.0561200938006594,0.115060886325651,0.113181681548351,0.0506043241512467,0.0434524848781308,0.0802397038851485,0.0225886276032468,0.151424706085619,0.115191735095328,0.0474476569408077,0.0261514351816188,0.0488075123338619,0.0485830727212783,0.0292962070351118,0.0701642990153348,0.117323910247073,0.102759848272642,0.056657955027642,0.0665937306065221,0.0800952287973039,0.0609152016751436,0.0118785855437289,0.0634574688483661,0.0355216510911824,0.0316616725622999,36.35,377.45,89,95,0
458,24,69,192,135,1.25174453550337,0.720405432391281,1,0.479166666666667,0.448523841032395,12.2644715198909,12.5299640861417,3.16227766016838,1.63373034577562,1.4142135623731,8.59785304149105,8.50606321915717,-12.0913981500163,43.968,0.715025906735751,0.54888974085339,0.0521801987284919,0.161843192439323,0.0650029755914419,0.0244596333489256,0.046175807872543,0.029102385609517,0.0378460847919488,0.0341391727094927,0.00368530205673661,0.0220109385607144,0.0297745252281401,0.0316604345479846,0.00793833248611922,0.00621697162527091,0.0275492296752382,0.00621516257824678,0.0056655106280141,0.00965259868916824,0.0061934149523133,0.0205418632292789,0.0161541574205307,0.0195135276074255,0.015583382353883,0.00264447841434964,0.0107379928720134,0.0246033036166437,0.020745208115175,0.00942079811865082,0.0279624804111382,191.202898550725,135.333333333333,24,24,3
462,75,14,266,289,1.93258323588177,0.76079865323161,2,0.466666666666667,0.295161711012445,7.05548322684707,6.40312423743285,1,1,1,3.53553390593274,4.57892386741576,-32.4518747686539,24.414,0.8,0.434764722592495,0.150581926996555,0.0348417721938236,0.0881356754873163,0.00751494931167383,0.0340290811364167,0.047256231851432,0.0214407079963643,0.0969843627182507,0.053031084343096,0.0246614139994731,0.0329576452089967,0.0686895585425295,0.0559196133046978,0.0599008095836154,0.061717880501959,0.0341480100347299,0.040489418908646,0.0315404950882578,0.0314944550773236,0.0944018840688996,0.0226965289401079,0.105407108564298,0.069222397149975,0.0569510532494884,0.0215205377277788,0.0514898872127299,0.0302670543448699,0.0316047956010937,0.0193111871068373,267.571428571429,289.285714285714,75,87,0
462,89,18,223,356,3.67704243028188,0.985748903616692,2,0.5,0.264525913953144,12.8782224147536,11.0453610171873,1.4142135623731,1.02301186457628,1,1.97278784766429,2.16641785189838,3.72600171021597,29.242,0.75,0.187855014796991,0.0403978700951312,0.0407190287082732,0.0692855034403955,0.0179017299148012,0.0204741735181836,0.0581419937403569,0.00489002870885619,0.0477128539018477,0.0255210200682601,0.0031322204942683,0.0156208479631159,0.000413904160162808,0.037198865257432,0.00310992530129139,0.0366305019704635,0.00945844401152306,0.0169677164839598,0.0013450346873114,0.0134631804744407,0.0483311682314298,0.0248780389523,0.0391235724914089,0.0089789766351001,0.0292144690631851,0.0176337617157606,0.00663745723182243,0.0161803769422045,0.00373634970367712,0.0123267392757123,222.333333333333,355.722222222222,89,107,0
462,98,11,97,377,1.09519082739719,0.284188559311522,1,0.6875,0.840010368394512,4.085,3.60555127546399,2,1.09090909090909,1,2.84604989415154,3.91656895217113,18.4349488229221,12.828,0.88,0.793326177873451,0.135237867152456,0.0854351268479074,0.0489892933471535,0.108116129896413,0.108247941568254,0.0497589200322995,0.0262806517720533,0.121563723269946,0.151920855075231,0.0742683508365638,0.113054347028754,0.0923970425099019,0.130060745396742,0.0954712020113594,0.0978674202235898,0.095822055588202,0.0985922332878975,0.114626317166857,0.0587206853604392,0.0653262345428815,0.204877213248095,0.0499667060118769,0.0909489880003381,0.076458002934702,0.0398284567610574,0.095601990850016,0.0584772629680943,0.127317520014768,0.120179701848989,96.9090909090909,377.272727272727,98,119,0
468,25,161,248,90,5.99451398721045,0.980935268076905,4,0.1796875,0.137926286866998,48.651891868192,39.8246155034798,3,1.40000843617964,1,12.0208152801713,9.45475384223773,48.2866369721533,121.114,0.452247191011236,0.129250672573998,0.0112590208533949,0.0271463565912273,0.0457923508423668,0.0144129227850018,0.00455662920151199,0.0116605682152342,0.0168325720997489,0.0279238550466889,0.0158151036478289,0.0076431768250608,0.00374439084201904,0.0132477841035559,0.00352328501596573,0.0180201244188611,0.0183666381721824,0.0148117002528613,0.00304940653825901,0.00510565349348009,0.00309885837654583,0.00850227277966612,0.0061448377315239,0.00752482512851905,0.0129873608385872,0.0129108631671711,0.0119266224978658,0.00161639696927967,0.00132061523910684,0.00457750459546819,0.00233604252412718,240.136645962733,79.9254658385093,25,29,0
468,48,150,214,177,3.65891196724998,0.97276878757345,3,0.324675324675325,0.218389773067594,36.4390111007319,33.2415402771893,3.16227766016838,1.55941884094918,1.4142135623731,9.28609018498115,8.44574890233645,-77.9390595474729,92.904,0.680272108843537,0.172837947249117,0.0159973610774134,0.0605740956603392,0.048102479826184,0.0276914989575797,0.00305030738620023,0.0265818414283377,0.0240925925192224,0.027832898750058,0.0246021280780396,0.00989590680948891,0.0020788250037797,0.0129071311073233,0.00861441161611131,0.0179886668957043,0.0187947949693439,0.018846606239694,0.00927393968102765,0.00480897104069525,0.00184839356336361,0.0129669696713489,0.007650958803073,0.0125832215285206,0.0125485302227336,0.0136103810137793,0.0114531476985839,0.00712596155298962,0.00511561150386079,0.00322164419090886,0.00180562701907602,212.78,176.853333333333,48,64,0
468,95,6,380,309,0.959931088596881,0.781938478726862,1,1,0.75398223686155,3.35282135790163,2.23606797749979,1,1,1,1,2.09,90,10,1,1.5278874536822,0,0.713014145051691,0.509295817894065,0,7.35061526382679e-16,1.03896346850389,0.835245141346266,0.264833825304914,0,7.63333123551244e-16,5.65431943371292e-17,1.20193813022999,0.346321156167961,0.362618622340574,0.957476137640842,0,7.06789929214115e-16,5.65431943371292e-17,1.13086388674258e-16,0.810798942087341,0.789612236062955,0.127935109454988,0.931400191764664,0.85806159398792,0,7.63333123551244e-16,5.65431943371292e-17,1.13086388674258e-16,5.08888749034163e-16,380.5,308,95,112,0
488,31,33,151,249,1.40220792396639,0.893618845752373,1,0.6,0.711621846659902,9.99303570808081,10.1980390271856,2.23606797749979,1.30173991906782,1,4,4.48514070418581,-81.4994989647373,24.14,0.88,0.404008701694811,0.0193573892709566,0.173281121472833,0.0761315251099361,0.0214339561388318,0.00521160480371908,0.0694355998878387,0.0243716533291896,0.0440751055093136,0.00738593933422959,0.0117052101695385,0.000129285955223473,0.0256555918208425,0.0236688104452475,0.00850426355981985,0.0340690286982567,0.00740562225683848,0.011264723958538,0.000677124365490642,0.000284060695732217,0.00697569806264612,0.0363800710028983,0.0233580825996438,0.00925481567967524,0.0288139642096361,0.00952178005311232,0.00624904827779651,0.00309112236568696,0.00124616252870747,0.00020762219715692,150.787878787879,248.878787878788,31,32,0
496,105,30,358,270,1.35646989464999,0.873469251767868,1,0.625,0.683576265798337,9.24376440620629,8.06225774829855,2,1.28856180831641,1,3.7087352266146,4.50059767111488,-20.0390300314101,23.484,0.857142857142857,0.587649020646998,0.116622224492094,0.0729287502546531,0.129191080035057,0.0612394000121132,0.0398374401521414,0.0364133760012743,0.0290314638693624,0.0443522299137932,0.00686335827712735,0.0100287347061592,0.0218899607631206,0.0222677163108225,0.0442732093205597,0.0467407469789989,0.023316839611842,0.00823845057386703,0.00653988217413792,0.020820979634191,0.0154952614140436,0.031174649206799,0.0179790140590408,0.0471519342603666,0.0539030876978823,0.0118820744744953,0.0027371927229578,0.0163058269031589,0.0054991393757127,0.011431872528162,0.0122548297695533,359.5,268.8,105,127,0
496,194,15,628,488,1.15424441198558,0.824679985803159,1,0.75,0.829993360845088,5.87769447508362,5,2,1.14950937914129,1,2.68328157299975,3.32442171415214,-29.0346589481411,15.07,0.9375,0.763943726841098,0.0939095086997535,0.0672270479620164,0.166114777095695,0.0417995060032754,0.012065904778516,0.0462033165993495,0.0728294814586946,0.0960511670121491,0.039781594152789,0.0155050927512971,0.0151572130649354,0.0622400233131983,0.0788472171373854,0.0957380626119022,0.0775615745852271,0.0268507178643264,0.0376622707198015,0.0186238309884388,0.0147361512063061,0.109030700593409,0.115506667341782,0.128587646766056,0.148800709736709,0.0844718201963095,0.0176953125010927,0.0170627611730745,0.00185954241522302,0.0293972952671255,0.0119258811960112,628.2,487.733333333333,194,224,0
496,209,29,66,516,1.19331314702759,0.711457799106673,1,0.591836734693878,0.533330837331701,7.7696752715189,6.70820393249937,2.23606797749979,1.24605389359005,1,4.43760156980183,5.4599747664709,-49.1923742932145,26.14,0.805555555555556,0.810525661404572,0.0612646499025174,0.0173148459206779,0.137450857042862,0.027304135635474,0.019349667914497,0.0766980835721521,0.0286399520496875,0.0545318512092808,0.0428297596481326,0.0271828116676388,0.0662464012781338,0.0563846103516931,0.0590892703494806,0.0215506793449016,0.0463471913386232,0.0585017902005532,0.0540849089704649,0.0742819470559731,0.0249659408378004,0.0512833657117013,0.0707425190044041,0.0182292172425513,0.0531692968610155,0.041476296595294,0.0218084640602108,0.0330204611271856,0.0425334854281896,0.0700281781102545,0.0338859509874418,65.0689655172414,517.068965517241,209,240,0
533,14,33,208,33,2.39039734868685,0.972367907682366,1,0.458333333333333,0.427648139974331,13.8783367598645,11.7046999107196,2,1.14846954353369,1,2.84604989415154,3.23994972231713,16.9533916188821,31.14,0.970588235294118,0.306692737052995,0.0088773690429843,0.0813370032573638,0.101281552705331,0.00150301921143683,0.0106333271469702,0.06655439916974,0.030375110044654,0.0583649629338178,0.00593287256571585,0.00588763738354341,0.00915084185292988,0.0153790878757316,0.0381113597478019,0.0113397940961588,0.0374844136793476,0.000272964367202533,0.00178797564442013,0.00652572194695525,0.00639420971974405,0.0343679056316887,0.011408174057789,0.0313871491943587,0.00279893722251968,0.0253959814582427,0.0100502362536102,0.00589649524914777,0.00180146297581777,0.00532830357075072,0.00417866373697924,207.424242424242,32.8484848484849,14,16,0
533,127,34,443,281,1.13725270393028,0.729639829140694,1,0.693877551020408,0.827261430005447,8.27936820652948,7.81024967590665,2.82842712474619,1.4002264373268,1,5.26076759377143,5.66169398645572,31.3351330825364,22.726,0.883116883116883,0.662454114111076,0.0389790553237379,0.165435497322678,0.0795042456682675,0.0206929148478418,0.0428976500033151,0.000711777944154263,0.0202167225889861,0.0320542543515356,0.0350514793462735,0.0291612020793148,0.0165707839704835,0.0349924068346416,0.0222063533213955,0.0198108250432612,0.0171755972806926,0.0316771631175819,0.0257412587985777,0.0184996939318656,0.0464679075767787,0.00223230528515237,0.0195393312044404,0.0219087423637165,0.0311207589561718,0.0102331479028213,0.0305917612236726,0.0203157363504556,0.0192795808271976,0.0210403748241775,0.0206452476500164,443.147058823529,280.970588235294,127,146,0
534,74,3,373,260,1.86168453546062,0.968956294948543,1,0.5,0.376991118430775,3.76289580702182,2.23606797749979,1,1,1,0.447213595499958,0.930308535112475,-28.1549662370101,10,1.28571428571427,0.763943726841097,0.113882006946748,0.356507072525845,0.480468713664794,0.159434809725448,0.0227764013893497,0.519481734251946,0.583449431240825,0.50653815457381,0.113882006946748,0.0683292041680489,0.00455528027786989,0.600969065114995,0.442706689673855,0.521459231004377,0.51120312438329,0.0136658408336099,0.110237782724452,0.0209542892782017,0.000911056055573546,0.40539947104367,0.567341606190388,0.493090773935638,0.499014103153553,0.508952314440858,0.0727022732348041,0.114975274213437,0.051201350323258,0.00564854754455916,0.00018221121111495,374,259.333333333333,74,79,0
534,94,156,129,331,2.72373544911041,0.968715764674355,1,0.397959183673469,0.324173327731117,31.9572204290685,28.4604989415154,3.16227766016838,1.65564491557586,1.4142135623731,8.20183351408091,7.93091471625337,20.6912174831588,77.764,0.77037037037037,0.245216504911957,0.0125270830052272,0.0801552905894546,0.0722681420676393,0.0232571912860204,0.00636061122434097,0.0304030171226707,0.0420730856403437,0.0367420760937185,0.0224040556704608,0.00872956842485566,0.00868554073008295,0.0140358549504454,0.0190808573961101,0.0249120027587302,0.0206873690125313,0.0168232474922254,0.0130657803083225,0.00183845435064614,0.0087070840256342,0.00698100706918845,0.00586607854661634,0.014330995631549,0.0134760598062328,0.0118112734247221,0.0107407333024665,0.0105717384391128,0.00607334664895837,0.00235045554111948,0.00761787792149765,137.923076923077,334.942307692308,94,102,0
560,7,37,242,12,1.01393316685855,0.511251195643095,1,0.755102040816326,0.786629472384546,7.49570660870054,6.70820393249937,2.82842712474619,1.54305352009053,1.4142135623731,5.81377674149945,6.44204511730889,-71.7766406064659,24.312,0.891566265060241,1.01881191944639,0.00161973278131208,0.0336332748119832,0.080188476401308,0.00742009315307113,0.0359535473615251,0.0565066842090012,0.0577493356033078,0.0210051569721586,0.0161716739157248,0.0512318314380456,0.0302815981817328,0.076246576080645,0.0226710651436365,0.0175301002726028,0.0757013555609402,0.0175857054636959,0.0701747105863256,0.0301336252830816,0.019858243003045,0.0822937822010543,0.0240401117538821,0.0266036875660194,0.105937689835836,0.0411833438845406,0.00629584884588114,0.0834078695733739,0.0226676513440297,0.0197699117255117,0.0437871192459624,242.405405405405,11,7,7,0
574,233,36,5,455,1.18173334770449,0.823195588404421,1,0.72,0.715783722715134,9.1411875256416,9,3,1.47777938934326,1,4,5.18998135432568,-1.13397726795292,25.14,0.888888888888889,0.565884242104517,0.0432074167049911,0.180865608244654,0.101058328802072,0.0047376525880083,0.0174828044566249,0.0310786397253967,0.0131812316529005,0.0388475856308499,0.0185400065940587,0.00541404134906682,0.0159360513452097,0.0502918534452267,0.00528349514013769,0.0245583764813898,0.0269698415336784,0.00505790871828602,0.0111648068691298,0.0179510380903377,0.00769402012440978,0.0135177965587495,0.0488682459589702,0.0183752310982535,0.0304430120063197,0.0287626420003694,0.0063796663838384,0.00515194310212319,0.00680455750016397,0.00878277811332208,0.00449888505055495,4.83333333333333,454.916666666667,233,254,0
575,37,683,491,107,6.43027472224083,0.914371776665589,4,0.14264828738513,0.0818700706110818,97.8936830354673,87.9829528942965,7.21110255092798,2.05944354437282,1.4142135623731,37.101012429102,39.6347639649304,-50.0932810439439,323.781999999999,0.289775137887145,0.111564381936792,0.036788367819189,0.00711034962594724,0.0400832654197417,0.00835429641808266,0.0151305727033403,0.00775639443543613,0.0136197127307657,0.0226461723207123,0.00602535645760686,0.00280881066233496,0.00759964179452864,0.00186348961848281,0.00826217180835043,0.0117399260490405,0.0122419613824393,0.00629051714285073,0.0114999862537114,0.0046416491300445,0.00280094702957133,0.0046149872059022,0.00576961235443192,0.00131631349638347,0.00763490984121822,0.00711859934127819,0.00756366761444895,0.0047560228620603,0.00516867277262283,0.00475172523996077,0.00151626549766032,483.01317715959,127.117130307467,37,38,2
575,90,560,621,268,2.40087045077154,0.953158112456712,1,0.414814814814815,0.398594174227955,55.9798394396135,48.7647413609464,8.94427190999916,3.1280815148041,2.82842712474619,18.3357574154983,16.9323619295343,-25.6647685287236,132.872,0.782669461914745,0.299736826722843,0.0392160728027836,0.0737757557362399,0.0938177160558439,0.021740670057144,0.0101569978358989,0.000848133253051954,0.0597583802336943,0.0386339473446434,0.0179432310742681,0.00683076041260993,0.00205486049694205,0.00126697914448917,0.0198255128624148,0.0228881348073006,0.0181498340077904,0.0156365054794796,0.00956469605303482,0.00817780716410906,0.00343636217127499,0.0037459402518192,0.00832269726389431,0.00564254403533548,0.00515617764243824,0.00966442789284836,0.0119742039304158,0.00638397491427196,0.00847205760071251,0.00909806239293229,0.00361548658516076,610.889285714286,272.614285714286,90,99,2
577,11,146,369,81,5.12301313372225,0.98908888264594,1,0.240131578947368,0.222364698040335,43.1751075916945,34.8855270850248,3.60555127546399,1.49357970952319,1,7.92697356317306,6.36055682494145,62.0327553287688,90.834,0.605809128630705,0.152746896903315,0.00782039532892544,0.0324179460059207,0.0573400345793623,0.00388162759066758,0.00688258084576323,0.00931421484765781,0.0322296766862483,0.0315684128541521,0.0045586022654544,0.00878327673206219,0.00502283018694476,0.0165104555472818,0.00994599923552013,0.0236426489053728,0.0196763325489827,0.00597493140642418,0.00434550167248665,0.00807738005947997,0.00350034346517178,0.0176662142930225,0.00384534758412207,0.0126359095437253,0.0146757294519739,0.0134092704651789,0.00311613526459523,0.00239843458979801,0.00574208564826633,0.00610898130203397,0.00243149550346626,363.835616438356,71.8150684931507,11,12,0
590,5,51,280,5,1.04044785533096,0.418347610849175,1,0.62962962962963,0.657949411473349,8.68252101669617,8.54400374531753,3.16227766016838,1.62318811266036,1.4142135623731,7,7.88622097686191,25.7582817106372,31.21,0.871794871794872,0.871733047203603,0.102141546301142,0.0571414807519701,0.0290670749350722,0.0458007208476957,0.0207133470413996,0.0207574406222163,0.0183106239843988,0.0484369703032542,0.0155329326054146,0.0208408514069213,0.0379327972801883,0.0552344043227814,0.0248220657771374,0.0243297551193958,0.0299712806207944,0.00822932687677414,0.0272616115752795,0.00943093642305467,0.0359097597999182,0.0523246035791128,0.023325216116217,0.0314639087570974,0.0272435246459851,0.0329189864900586,0.00430603916890953,0.0422260117133801,0.0224666799635895,0.0536679081761731,0.0143017120736039,279.588235294118,4.58823529411765,5,4,0
607,27,29,150,100,1.18919116724511,0.44690736463527,1,0.517857142857143,0.488540817028568,7.06685729394216,7.28010988928052,2.82842712474619,1.31501941083143,1,5.65685424949238,6.32187090052361,25.7045491212351,27.312,0.773333333333333,0.679013985843779,0.0659476121200697,0.117915505898752,0.031429520178536,0.0374997398174168,0.100261903931803,0.0572601857462004,0.0298885518622269,0.076806302248922,0.0320372489864809,0.037757676186433,0.0212415319599965,0.093758853086214,0.0299651029273412,0.0330527318860338,0.0174758331664072,0.014323407471594,0.038220751126828,0.020411418064881,0.0596528518797691,0.0770298914766308,0.024350878100171,0.0717995558481335,0.00448958537699969,0.0322628083040906,0.00896257036933692,0.039080532772881,0.0196671729741717,0.0513540984436537,0.0249152328570412,149.551724137931,100,27,29,1
607,77,739,301,353,4.16732778244252,0.966158873597613,2,0.233270202020202,0.118231191710075,85.6474538248083,75.6108457828637,6.08276253029822,2.26507036437771,2,22.9018208658326,22.0925662207505,31.1060443171849,280.26,0.530890804597701,0.164583526947575,0.0273431363216883,0.0426147253489683,0.0533615267084939,0.0168584974136596,0.0157633805176727,0.0120915500846568,0.0308822145707588,0.0244143285082523,0.0249081823367739,0.00687337850109314,0.00657475712740821,0.0148130819345362,0.00913635959516784,0.0182072766029685,0.0113040009251674,0.0142249765207122,0.0124203289277828,0.00104039616001814,0.00197318540339817,0.00700109734864766,0.00861042805231518,0.0059179696016211,0.00790507896214677,0.00628899070625084,0.010669839178845,0.00891512568232718,0.00764383700735822,0.00429016913654248,0.000690740208282788,288.441136671177,342.345060893099,77,88,5
607,90,81,369,384,1.08236483165897,0.569108648796502,1,0.675,0.68230787854465,11.6155328259362,11.1803398874989,4.12310562561766,1.89604497113751,2,9,9.55101513175396,-24.9751361171459,38.624,0.857142857142857,0.761534790259665,0.055501425327143,0.126163331593521,0.0637391936552757,0.00887277802720817,0.0616017974310978,0.0185949590305638,0.00349904635645285,0.0120017583637986,0.0195330225092661,0.0232280796581218,0.0376539720966252,0.0147182498933873,0.0115245145416266,0.0109425649732995,0.0165382178880393,0.0117748901492761,0.0022252570513582,0.0214110873690651,0.0213223629420814,0.0116312563574349,0.0216884427930571,0.0100572314416627,0.0131414236086425,0.0125097152452305,0.0057410515619656,0.0240768017515696,0.0119973557672038,0.025941155253753,0.0134161848954514,368.777777777778,384.814814814815,90,98,0
622,73,56,183,231,1.07158620590001,0.511934425081444,1,0.691358024691358,0.60130074601054,9.45514023697918,8.60232526704263,3.16227766016838,1.64088699140511,1.4142135623731,7.84464540552736,8.12219740517095,-75.1929387239786,34.21,0.842105263157895,0.891267681314614,0.0543229184928708,0.033422538049298,0.0651223831937192,0.032350468905654,0.06546788817749,0.0354119748379466,0.00715312503311532,0.030135206768526,0.0297705106902608,0.0214474296116832,0.0539967690922806,0.050491905695904,0.0173133158301595,0.016451903223131,0.014082309075951,0.00865665791507973,0.0300852071614052,0.039417343156083,0.0304793720094214,0.0391093431096491,0.00858572423494339,0.0288020509590669,0.0088248153225749,0.0295716539690078,0.00172434881235757,0.0440794647707644,0.050934663199452,0.0312905059508948,0.0261003492901856,183.767857142857,230.142857142857,73,80,0
622,92,35,189,303,1.17383823464743,0.802474584604611,1,0.546875,0.562283172410155,8.87346045969693,8.06225774829855,2.82842712474619,1.41920554203877,1,4.91934955049954,5.29467229328325,46.1762409703223,27.968,0.853658536585366,0.679970929628423,0.0387880508149735,0.132809310377075,0.131494835446141,0.0191420487529279,0.0153457272744874,0.034970632966781,0.0265408491536216,0.0459753453211987,0.0175298275370364,0.0307664817777386,0.0164587828494133,0.0739345480089119,0.0212309026198909,0.0238627738947006,0.0203713812952606,0.0338521264757374,0.00999159680490038,0.0251426006416985,0.0223495698814535,0.0549900071021099,0.047971972147976,0.0183848627439068,0.0151316264946324,0.0403107033212007,0.0316354573884156,0.0177839120820769,0.0358368449283594,0.0495884383236746,0.0293174419842939,188.371428571429,302.542857142857,92,99,0
640,62,18,298,154,1.06120327976198,0.617673076546349,1,0.6,0.617445318656419,5.5733015959792,5.09901951359278,2.23606797749979,1.27182901261068,1,3.53553390593274,4.3830393034505,-58.1742165024835,19.14,1,0.881473530970497,0.042950190508031,0.0527377326221665,0.101078704390605,0.0473040878713552,0.0768458422181176,0.0538968036688075,0.0664320637603979,0.0593536053129739,0.0630689880554276,0.034188628812014,0.048954724162381,0.15856983511162,0.0567059528148046,0.129361104627823,0.121243059226964,0.0588247647783153,0.0297230178486097,0.0578599920852847,0.0385398843102974,0.194946834113892,0.0670678919789307,0.187601285231349,0.160890414730358,0.0551173016990898,0.0458915720872892,0.0501935993814445,0.0519264113857886,0.0700621404372203,0.0570329348795019,298.444444444444,153.611111111111,62,67,0
644,27,165,254,100,1.11211523226502,0.666998794110812,1,0.654761904761905,0.708224335388424,17.3975486438127,17.464249196573,5.8309518948453,2.44382994801429,2.23606797749979,12.6918270641702,12.962196636077,86.9843573261716,54.108,0.884718498659518,0.688801720922301,0.0321809875433663,0.15815407620978,0.0744934931696351,0.011906259426998,0.050057368192437,0.0109426093041041,0.0109572379492852,0.0485581171051661,0.00676601679799133,0.00863651509256063,0.0160216397394648,0.0302293580095456,0.0120167451646295,0.0205618360594094,0.021787683767441,0.00404616284031101,0.00203921188138514,0.00621964060466097,0.00865719609197139,0.0146492893139508,0.0160448084229631,0.00621067574200946,0.0179852715139106,0.0108697984882976,0.00578868435241687,0.00924821191749793,0.00973561991524049,0.0066119216264798,0.0144699015169874,253.593939393939,101.460606060606,27,31,0
644,65,261,365,250,7.88217385179273,0.993042464908774,1,0.153079178885631,0.14750730575882,71.8074346087526,60.8276253029822,3.16227766016838,1.52993694126797,1.4142135623731,10.1708482363151,8.45581339305285,-30.8187296366083,149.114,0.558886509635974,0.0898150057232101,0.00490515704470248,0.0256958155133389,0.0311344580161529,0.00790570432571614,0.00504803766298369,0.00833792251178149,0.020709088030366,0.0173747246515725,0.00932079084596444,0.000884002157861031,0.00353173226987717,0.0095935189420306,0.00781035027634946,0.0161299737439802,0.0110625063738617,0.00649232845357408,0.00577123286496287,0.00257267402192944,0.00222877167756734,0.0049772263565249,0.00634169511417971,0.0082770918587617,0.0120594786210119,0.00758377972456294,0.00610547551947654,0.00434002454278173,0.00299225658753578,0.00238455160484011,0.0013826222979473,378.639846743295,242.735632183908,65,75,0
644,158,50,377,563,2.87237072954776,0.858128247114997,3,0.210084033613445,0.201824431184995,17.0836963434819,19.1049731745428,2.23606797749979,1.19442698703477,1,7.6,8.77137449105128,29.2101422384648,55.796,0.409836065573771,0.174416375991118,0.0691724386353862,0.0321690696759509,0.0511281935662208,0.034121890593971,0.016519089635643,0.019265831931846,0.0286281283740163,0.0107097685035261,0.00270410972438923,0.0153624717699262,0.0083960884127088,0.0135331802840504,0.0157133133864183,0.0126644312760807,0.0129915804801259,0.00328124714098376,0.0115364571367534,0.00796829513963215,0.0115038162424815,0.0186095262950496,0.0103227692955448,0.00329892426284429,0.00779018373540454,0.0172556677625905,0.00301663960821985,0.00581918854809146,0.00100715185156354,0.0119413957549703,0.00912513136744798,378.32,561.6,158,176,0
671,43,43,173,175,1.42264079766369,0.893308787719785,1,0.597222222222222,0.548677414494814,11.470141491415,11.1803398874989,2.23606797749979,1.37809256765079,1,4.98964444866946,5.15517990053065,-16.7580264963946,31.382,0.88659793814433,0.437994403388896,0.0747121515703889,0.139587797768405,0.088128802622744,0.0534372245048651,0.0270302651932943,0.0397521275895836,0.0258034579484766,0.0435991972362929,0.0187184527784866,0.0126326118258232,0.0122170427552503,0.0253978409036661,0.0255183373807149,0.0207240677058729,0.0308437261840747,0.00909944727335208,0.00503198910243715,0.00355912359828718,0.00773384329893498,0.028872822417188,0.0235707367020988,0.0169423229870863,0.0175224158568167,0.022264811324561,0.00770531514378383,0.0145878937771339,0.00274681617675927,0.00702526863022905,0.00830165447609518,174.255813953488,174.581395348837,43,45,2
707,21,28,287,61,1.02897463462603,0.649076230507576,1,0.8,0.904252749132899,6.90602570407559,6.32455532033676,2.82842712474619,1.43977530353517,1,4,5.25357515292951,-13.4272106702593,19.726,0.918032786885246,0.891267681314614,0.0860025953439235,0.0572957795130823,0.114104215952087,0.0620908289330312,0.0513752550736529,0.0261014106670706,0.0966593450527533,0.0321114572376912,0.0357443719448233,0.0411131444444875,0.0215777949566594,0.103132403123548,0.0811822828053964,0.054982871000786,0.0170438522512302,0.0179720394570186,0.0323336810250549,0.0386457894751081,0.0189296322798869,0.124363672532005,0.0701481135635065,0.0826222014901754,0.0490446257553952,0.0349424548161022,0.0128887821333298,0.0247150784113971,0.0416885343120334,0.0420458217862844,0.0162385392381682,287.714285714286,60.8928571428572,21,25,0
709,108,25,333,412,8.87487358268502,0.782866044463219,3,0.120192307692308,0.17836651468432,20.2426189166622,15.1327459504216,1.4142135623731,1.03313708498985,1,10.5940349556878,12.5947609252719,-0.835983942513598,41.968,0.206611570247934,0.126511604757652,0.0242609423829186,0.0259313254662654,0.0363467100276584,0.00918404977235963,0.0408484238236647,0.0191745829917586,0.010963332691692,0.0283883850156849,0.0122677909883777,0.0199805568330027,0.0108669627524717,0.0115331283233122,0.00361538935048965,0.0127637742961851,0.0201801990428148,0.00950516108907612,0.00670808327610311,0.00972665485209441,0.0121042745700456,0.00395189276466641,0.00391041982798369,0.0115485907699676,0.011954744157431,0.00422523373091731,0.00275275462605001,0.00465288041677251,0.0116933946326224,0.00828141547951434,0.0098935073106986,338.84,411.32,108,130,0
714,41,221,518,137,4.03773840479188,0.715113539185123,3,0.157183499288762,0.107216925596932,39.080839056093,39.560080889705,3.16227766016838,1.41625877452184,1,29.9564433064945,27.317831503091,-16.5656126619209,160.942,0.32619926199262,0.152545700941602,0.0201501214613348,0.0532634034080428,0.014957303028865,0.0115591860441764,0.0316584849215054,0.022247886520994,0.00620363891934514,0.00851149922917647,0.00790983703040757,0.0248058020146156,0.0125637102221331,0.0113220628900825,0.00527894422793812,0.00502747375832713,0.0126826505680296,0.0141432117430123,0.0178891739717503,0.00947221578311668,0.00533473142293676,0.00847994627056165,0.00513411383781856,0.00542789936719674,0.0118668415388997,0.010842975115127,0.0122468886014497,0.0111558953004216,0.00443306306055859,0.00122270993646919,0.00537139719975769,513.149321266968,137.561085972851,41,52,0
736,72,207,376,246,5.6321909041266,0.968281965034373,3,0.174831081081081,0.139904506545039,52.8415804448476,44.8218696620299,3.60555127546399,1.53546305762836,1.4142135623731,13.6519768014832,13.2029990441281,38.5699442492298,136.356,0.422448979591837,0.131189938158377,0.0254197251534066,0.0244046351944515,0.0477130719346648,0.0301813998773677,0.00773705925279222,0.00173418618923986,0.0250480825399699,0.0242932993218888,0.0105959045519212,0.015156188660999,0.0060087637011459,0.00244204395278075,0.0106526968870043,0.0149415031541001,0.0152333418807888,0.0119401856019873,0.00191221804353281,0.0061827372153302,0.00470520087071626,0.00335936747328542,0.0110366163051827,0.00829741065033291,0.00695008623826034,0.0113686467160414,0.0109165106463065,0.00646660913963611,0.00460442151084944,0.000926194544930037,0.00353843235937912,373.927536231884,248.531400966184,72,83,0
739,7,21,93,12,1.08010268966957,0.291118780802529,1,0.7,0.644054053212191,5.5749336646851,5.3851648071345,2,1.27754414879744,1,4,5.33346609520868,-56.4943584010403,20.242,0.857142857142857,0.831926652759084,0.198556687127601,0.0332168361264536,0.0313177998847936,0.104325475957946,0.0687839771275574,0.0830751513991553,0.00962827584202678,0.0271265847329527,0.0501345302151495,0.0466297919987113,0.0553413424759161,0.102641308655037,0.0306391883318609,0.0851581328246178,0.0326706179410942,0.0520235605822258,0.0671158737966226,0.0456839190141077,0.0471823044137022,0.0725069499175495,0.026224460618597,0.105188702814355,0.0387706522104691,0.0558834274942241,0.0616270818184799,0.0962760474021868,0.0861070652411057,0.0905202380385458,0.023249439447712,92.8095238095238,12.8571428571429,7,7,0
739,155,37,42,497,1.38234294243597,0.890155271469557,1,0.74,0.689500496314569,10.473616642704,9.21954445729289,2.82842712474619,1.38378535179344,1,4,4.77238008328799,82.9028082578593,25.968,0.870588235294118,0.554233684178836,0.0283747242536372,0.126707160230392,0.141731265792658,0.0239493014930301,0.00981794913465072,0.0565024991861061,0.0150581091022389,0.0650429373718466,0.00700081305835173,0.021201821836522,0.0045665693357766,0.0353377062787875,0.025862990784136,0.0302519391862438,0.0367648460326325,0.0120624868001633,0.0201445227931641,0.0116278785851977,0.000376730658979645,0.0296506951291568,0.0508451633942605,0.0323372059230123,0.0431429720751285,0.0241181951882829,0.00477420595963596,0.00858573255473906,0.00917618684782231,0.00192914817839611,0.00105271387822075,41.9459459459459,495.72972972973,155,184,0
739,158,7,357,501,1.17237276868657,0.882300128925595,1,0.875,0.910704763988985,4.23998626891454,3.16227766016838,1,1,1,1,1.99570745526762,81.6503778830032,9.828,1,0.891267681314614,0.127323954473516,0.0763943726841095,0.314982067779385,0.127323954473516,0.127323954473516,0.402343696136311,0.314982067779385,0.149788393761864,0.127323954473516,0.127323954473516,0.127323954473516,0.565318357862411,0.314982067779383,0.221203303364991,0.179668131017829,0.127323954473516,0.127323954473516,0.127323954473516,0.127323954473516,0.174179169719766,0.314982067779383,0.13218305690061,0.179668131017829,0.328474877318343,0.127323954473519,0.127323954473517,0.127323954473516,0.127323954473516,0.127323954473516,356.571428571429,499.285714285714,158,187,0
739,159,59,205,524,10.6497113673339,0.982573047986778,5,0.0993265993265993,0.145923921974608,39.3373606714428,32.8024389337135,2,1.10701200845737,1,7.25289558604165,7.31190490098147,-32.4267905333703,71.28,0.301020408163265,0.06981517949756,0.00724391781899416,0.0164035539251718,0.024074208700383,0.00809096536821656,0.00465805173583812,0.0169832622363462,0.00641636096590928,0.0160130281238562,0.0113163928648966,0.00324487640205743,0.00454859312181932,0.00183752886992829,0.0091823355859745,0.00350049888466191,0.0122259520370599,0.00873987725032456,0.00680317903421625,0.00192566506008825,0.00459335919031963,0.00715823063050453,0.00921109556220435,0.00273270614923972,0.00272856820189099,0.00957019278289181,0.00822922947225179,0.00592262269293151,0.00469439730969907,0.00171746822253894,0.00451882965219282,209.847457627119,522.694915254237,159,192,0
754,3,12,316,0,1.65806278939461,0.953151210035609,1,1,0.589048622548086,6.90922225936313,5.09901951359278,2,1.33333333333333,1,1,2.09,0,16,1,0.587649020646998,1.90289596326877e-17,0.0150679236063333,0.241086777701333,1.6310536828018e-17,5.46396221450976e-17,0.226018854094999,0.0927256837312818,0.144883880830128,1.09583126600498e-17,3.26210736560361e-17,2.17473824373574e-17,0.209613540819465,0.212555798091707,0.121345822652187,0.0699009000435815,2.43143127313081e-17,5.46396221450976e-17,3.26210736560361e-17,1.6310536828018e-17,0.219489649145874,0.224846066231238,0.148340518744371,0.0892141785485586,0.00524668254840465,6.79605701167418e-18,4.38332506401991e-17,4.34947648747148e-17,2.17473824373574e-17,1.08736912186787e-17,317.5,0.5,3,2,0
754,16,25,14,127,1.61492942039253,0.92111449127139,1,0.446428571428571,0.506781727378428,9.53963792310275,9.21954445729289,2,1.1862741699797,1,3.4,3.71370267658031,42.9271337435794,24.898,0.833333333333333,0.374482219039754,0.0529223867234552,0.133051329588242,0.0805773413227671,0.046216162479345,0.025383796058372,0.0707582209196277,0.0117604725829684,0.0466780765829671,0.0177546078398136,0.0222152652114982,0.0193443144996333,0.0192204428098137,0.0325814675731784,0.0118739718443976,0.0321546606550246,0.00261880777185285,0.0079694994507557,0.0269165555388772,0.0111583044110019,0.0169181823884917,0.0278910408588222,0.0336786310935359,0.0319049489097977,0.0285730451319517,0.00982448096081364,0.00813707865942158,0.00480126752434656,0.0162651405101384,0.0065390677897712,13.12,125.8,16,20,0
754,18,7,155,130,1.17237276868657,0.882300128925595,1,0.875,0.910704763988985,4.23998626891454,3.16227766016838,1,1,1,1,1.99570745526762,81.6503778830032,9.828,1,0.891267681314614,0.127323954473516,0.0763943726841095,0.314982067779385,0.127323954473516,0.127323954473516,0.402343696136311,0.314982067779385,0.149788393761864,0.127323954473516,0.127323954473516,0.127323954473516,0.565318357862411,0.314982067779383,0.221203303364991,0.179668131017829,0.127323954473516,0.127323954473516,0.127323954473516,0.127323954473516,0.174179169719766,0.314982067779383,0.13218305690061,0.179668131017829,0.328474877318343,0.127323954473519,0.127323954473517,0.127323954473516,0.127323954473516,0.127323954473516,154.428571428571,128.714285714286,18,22,3
783,106,40,109,401,1.17250128318197,0.785230549142745,1,0.740740740740741,0.822170945965038,9.37931873657244,8.24621125123532,3,1.49035678946826,1.20710678118655,4.93196961916072,5.80770706716439,6.26555828989806,24.726,0.888888888888889,0.748964438079507,0.10908490350983,0.0594765877298433,0.132504786173641,0.047466340318469,0.0234301835092106,0.0321354983812661,0.0355702759716613,0.0460582743401614,0.0412032004367666,0.00883715979063772,0.0381035972008916,0.0306186662707648,0.0678206729267018,0.0533302222616941,0.0316102226106228,0.0207847525008087,0.0332738925316387,0.00854266798398023,0.0152608807242269,0.0680534371066611,0.0613340652635985,0.0608054992747331,0.0411459758281191,0.0113576680447111,0.0208371925027465,0.0262370655298146,0.00979527881985886,0.0231684764147068,0.0213007988201243,108.975,400.6,106,119,0
783,123,18,75,451,1.68176479158219,0.93563080736423,1,0.75,0.521419454707769,8.37266130807642,7.28010988928052,2,1.13412297568739,1,2,2.95538331578463,-80.4948021443693,20.828,1,0.432420977457225,0.09609355054605,0.0752430631634165,0.138154882055817,0.0170465004221371,0.0563379285929325,0.116328272919844,0.0193355420948124,0.0641552435909422,0.0360341696083597,0.0155265888072445,0.0383187197397774,0.0682805294628434,0.08509746024,0.0362300897361633,0.0274166552954618,0.0336337909172898,0.0318647263510331,0.0160153397657798,0.0250055888161818,0.0788221653089551,0.0733113741200109,0.0434954549386601,0.0229919464603897,0.0369517212248306,0.029012826688844,0.0386025901753399,0.0305763722909352,0.0190375048632287,0.014155387158685,74.7777777777778,452.722222222222,123,137,0
804,105,23,773,182,1.19807593594614,0.800484787087294,1,0.657142857142857,0.788957907172091,7.27882947719585,6.70820393249937,2,1.22048120921154,1,3.57770876399966,4.36258881212976,30.7936692784637,19.14,0.836363636363636,0.650766878420194,0.0981047376036482,0.113805608689908,0.127737411074301,0.0248928723632521,0.0109968155850057,0.0525224411375525,0.0382285451986316,0.0594182475074728,0.0197188549407839,0.0329206090826869,0.0245947569781668,0.0663334321327838,0.0570893359876642,0.0526266160265561,0.0449563702960676,0.00897272540508561,0.0184399531226489,0.0342785033833329,0.0258478676301531,0.0585348038042205,0.0623868467380602,0.0593017219415283,0.029021435624025,0.0319036905722418,0.0201118196537281,0.018116663726444,0.0209306727152005,0.00837017338404343,0.0275906457394068,773.782608695652,183.04347826087,105,120,0
804,203,17,981,344,1.44002985057688,0.785853033255134,1,0.708333333333333,0.637070105156398,6.80956076941514,5.8309518948453,1.4142135623731,1.04873100733801,1,3,4.21112294975491,-1.6832303317149,18.312,0.723404255319149,0.636619772367581,0.0272475837179399,0.0506652413994962,0.132335304569808,0.0503033825724708,0.0575447268500353,0.10482910560663,0.0630675276310354,0.0683881794146307,0.0467458624459574,0.0431434548450851,0.0657373617507631,0.0947677066827036,0.0700402801840271,0.0367483705151624,0.10016062321419,0.0655999152678284,0.0622854118499252,0.00340932147124675,0.0378803917959439,0.118915064100125,0.0340850800074484,0.100025978993654,0.119181480856353,0.0492733216020869,0.0625343583641378,0.0226280235003004,0.0457553472143408,0.0462330846906806,0.0401295272127031,981.411764705882,344.411764705882,203,235,0
806,102,13,264,348,1.48714445140345,0.9096045798742,1,0.619047619047619,0.572114038749458,6.57777684513396,6,1.4142135623731,1.06372516344201,1,2,2.73290209316381,1.07763781039575,16.898,0.838709677419355,0.45978094670992,0.0425067635601024,0.137541308844848,0.11423349462251,0.0306923417951214,0.0170289239522192,0.108723129848784,0.0235501924021488,0.0788577907356021,0.00489044428178667,0.0255553046798544,0.00814669658369935,0.08271884711833,0.0720924774276384,0.057583591660311,0.071313837656033,0.00535023267863325,0.0148172420151101,0.0174257244393433,0.00440719861629975,0.0608761121216878,0.104999269112802,0.077622060852256,0.0642886126591732,0.0709581029280271,0.0039572077529217,0.0130848971338892,0.0115467797023379,0.0128971741011317,0.0024717840005889,264.769230769231,347.846153846154,102,123,0
808,86,45,30,232,1.64269527306718,0.907836401451171,1,0.45,0.399477613138627,12.7356179625247,12.0415945787923,2.23606797749979,1.29333462258572,1,5.65685424949238,5.34035711875511,40.0096219837053,37.624,0.72,0.385030060662361,0.0286016071021957,0.140761762659446,0.0846752120977896,0.0285575755752061,0.0140277124591645,0.0621711189148466,0.022126088415687,0.0474457408536807,0.0152114522081412,0.00126947539389783,0.0162709508021521,0.00124273613732615,0.0154442499847517,0.00889857904319933,0.0313900211170742,0.00276547963141978,0.00777470861832381,0.00752821770190056,0.0138816674694627,3.7127193050893e-05,0.0140176968746258,0.0156923060494762,0.0049602371615044,0.0207528320101683,0.00522461374727187,0.00634455114053192,0.00979047885347367,0.0037946016579042,0.0122543888396149,29.4444444444444,232.244444444444,86,102,0
808,154,39,454,397,1.62484301171859,0.923952013453969,1,0.557142857142857,0.554627659393647,11.9494955187533,10.816653826392,2.23606797749979,1.30825416490985,1,4.33311228437084,4.57078242361594,-27.4730024712086,29.726,1,0.424413181578388,0.00811125405603619,0.131425778121907,0.109977052731816,0.0171572342309455,0.0168295000034422,0.0575743500760512,0.0374737302070912,0.0510933567001169,0.0124705020859358,0.0146087069315297,0.0124398979586023,0.00265559805995838,0.0306934089007819,0.0170741555070265,0.0289897839824061,0.00799913490752951,0.00834740641381127,0.0192209938704326,0.00417113878403776,0.0100693990329095,0.0169081473435567,0.0195423644632008,0.0253435810207999,0.0215062130275344,0.00757129308841911,0.00454232770622393,0.00634315969429512,0.00720189590549846,0.000953004555848993,453.589743589744,397.948717948718,154,177,0
838,13,40,36,66,1.40458644046591,0.894782094110478,1,0.5,0.589124035027101,11.0090926894227,9.8488578017961,2.23606797749979,1.38306188778075,1.20710678118655,4.28746462856272,4.91559383833456,-57.5086263440138,29.21,0.869565217391304,0.525047234942335,0.0681144263704233,0.120165449646596,0.121581034668284,0.0543063344228922,0.0253705391723895,0.0347427365793493,0.0133939266280911,0.0529818955315028,0.013285679820814,0.00687245378699645,0.00996905300286433,0.021113080513865,0.0253662743305033,0.0182359041742128,0.0304402350157241,0.0111051309387961,0.00919496910923538,0.00929535654692747,0.00607606625502327,0.0251726342317681,0.0204718875266601,0.0287084565056477,0.0205504820118233,0.0200077035590921,0.0146619868911042,0.00630272264605097,0.0110289579756846,0.00788122166377659,0.0106407335726253,37.55,63.825,13,16,0
838,56,12,124,245,1.3017247337791,0.833339350628124,1,0.6,0.829380122160616,5.61890486884052,4.47213595499958,1.4142135623731,1.06903559372885,1,2.42535625036333,3.10591555843069,-68.9624889745782,13.484,0.857142857142857,0.763943726841097,0.201316848417948,0.101859163578813,0.183629218579642,0.0290343287834289,0.0742419853596547,0.213904243515507,0.154140884516061,0.0829073524984135,0.0688020762751387,0.0742419853596546,0.0489825032909768,0.162974661726101,0.161053478734358,0.0815446065136665,0.0722554186753049,0.0688020762751386,0.0650440748962794,0.0577218903224221,0.0310043633193936,0.128342546109302,0.153184261869427,0.145655184828726,0.105953899996228,0.0863210588514135,0.031482556721959,0.0813918583626387,0.108458018793157,0.104297516590552,0.0551834181017767,123.583333333333,245.916666666667,56,61,2
838,90,48,30,371,1.83026633636059,0.902677068475,1,0.461538461538462,0.455698881216602,13.8192776038683,12.6491106406735,2.82842712474619,1.33155905538492,1,5.57831937583566,5.94669239291802,18.6309565599511,36.382,0.75,0.381971863420549,0.101605505397383,0.06087676573265,0.0791398354612189,0.0753423180755965,0.0294142282726924,0.00564005329581901,0.0246660077748546,0.0481278294798559,0.0221278077649534,0.0190114556930459,0.0126578223717647,0.021955921758724,0.019265781089418,0.00844768981753127,0.0364557286493056,0.00919793406898514,0.00846934093394723,0.00701872009788976,0.0134691290558087,0.00422503529494276,0.0153600151011612,0.0215058643654795,0.00214150339217088,0.0208975197606658,0.00595123132630555,0.0132920829280666,0.00776294460148121,0.0105289064555362,0.00680974362336182,29.2291666666667,369.666666666667,90,98,0
838,102,51,145,417,4.20394741655485,0.970834574270104,2,0.333333333333333,0.252481308899928,22.776523906718,17.464249196573,2.23606797749979,1.24607404855852,1,5.51487018010835,5.46067953456009,-19.9082403850433,50.382,0.6,0.212902350103257,0.0337072372050955,0.0116750694077838,0.0876852542572455,0.025998187639686,0.0104155398435718,0.00856536745063439,0.0306287855316185,0.0466886918484031,0.0137232092182668,0.0208902155930712,0.000410375748652617,0.0117622473163156,0.0115467658344419,0.0157184606852841,0.027801907216014,0.00983482380355858,0.0159482338953038,0.011512575915695,0.00382902869351172,0.000919584313465097,0.0114655102941821,0.0117740032257204,0.00407557565151109,0.0179140956504246,0.00601151692548105,0.00624595415636399,0.0128349851680856,0.00597420110019088,0.00439013488067606,149.647058823529,415.21568627451,102,112,0
